DealID,Scenario,PeriodEndDate,InterestCollected,PrincipalCollected,Recoveries,RealizedLosses,FeesPaid,NetCollections,EndingCollateralBalance
CMBS_NEW_AEOYEE,Base,2026-02-28,14162639.18,27322936.7,0.0,1892434.68,585945.03,40899630.85,2785213184.01
CMBS_NEW_AEOYEE,Base,2026-03-31,14025638.87,27055718.04,0.0,1874050.25,580252.75,40501104.17,2758157465.97
CMBS_NEW_AEOYEE,Base,2026-04-30,13889971.74,26791130.19,0.0,1855845.62,574616.14,40106485.78,2731366335.78
CMBS_NEW_AEOYEE,Base,2026-05-31,13755624.73,26529147.05,0.0,1837819.02,569034.65,39715737.13,2704837188.73
CMBS_NEW_AEOYEE,Base,2026-06-30,13622584.93,26269742.83,0.0,1819968.69,563507.75,39328820.01,2678567445.9
CMBS_NEW_AEOYEE,Base,2026-07-31,13490839.54,26012891.98,0.0,1802292.91,558034.88,38945696.63,2652554553.91
CMBS_NEW_AEOYEE,Base,2026-08-31,13360375.88,25758569.19,2838652.01,1784789.96,552615.53,41404981.56,2626795984.72
CMBS_NEW_AEOYEE,Base,2026-09-30,13231181.43,25506749.42,2811075.37,1767458.12,547249.16,41001757.06,2601289235.3
CMBS_NEW_AEOYEE,Base,2026-10-31,13103243.75,25257407.87,2783768.42,1750295.73,541935.26,40602484.79,2576031827.43
CMBS_NEW_AEOYEE,Base,2026-11-30,12976550.55,25010520.0,2756728.52,1733301.1,536673.3,40207125.78,2551021307.43
CMBS_NEW_AEOYEE,Base,2026-12-31,12851089.65,24766061.5,2729953.04,1716472.6,531462.77,39815641.42,2526255245.93
CMBS_NEW_AEOYEE,Base,2027-01-31,12726848.99,24524008.31,2703439.37,1699808.58,526303.18,39427993.49,2501731237.62
CMBS_NEW_AEOYEE,Base,2027-02-28,12603816.64,24284336.6,2677184.93,1683307.43,521194.01,39044144.17,2477446901.02
CMBS_NEW_AEOYEE,Base,2027-03-31,12481980.77,24047022.8,2651187.18,1666967.54,516134.77,38664055.98,2453399878.22
CMBS_NEW_AEOYEE,Base,2027-04-30,12361329.68,23812043.55,2625443.59,1650787.33,511124.97,38287691.84,2429587834.68
CMBS_NEW_AEOYEE,Base,2027-05-31,12241851.77,23579375.73,2599951.65,1634765.23,506164.13,37915015.03,2406008458.94
CMBS_NEW_AEOYEE,Base,2027-06-30,12123535.58,23348996.47,2574708.9,1618899.68,501251.76,37545989.19,2382659462.47
CMBS_NEW_AEOYEE,Base,2027-07-31,12006369.74,23120883.1,2549712.87,1603189.15,496387.39,37180578.32,2359538579.38
CMBS_NEW_AEOYEE,Base,2027-08-31,11890342.99,22895013.19,2524961.14,1587632.1,491570.54,36818746.79,2336643566.19
CMBS_NEW_AEOYEE,Base,2027-09-30,11775444.21,22671364.53,2500451.31,1572227.03,486800.74,36460459.3,2313972201.66
CMBS_NEW_AEOYEE,Base,2027-10-31,11661662.35,22449915.13,2476181.0,1556972.44,482077.54,36105680.93,2291522286.54
CMBS_NEW_AEOYEE,Base,2027-11-30,11548986.49,22230643.22,2452147.85,1541866.86,477400.48,35754377.09,2269291643.31
CMBS_NEW_AEOYEE,Base,2027-12-31,11437405.83,22013527.26,2428349.53,1526908.82,472769.09,35406513.52,2247278116.05
CMBS_NEW_AEOYEE,Base,2028-01-31,11326909.64,21798545.91,2404783.72,1512096.86,468182.94,35062056.33,2225479570.14
CMBS_NEW_AEOYEE,Base,2028-02-29,11217487.34,21585678.03,2381448.15,1497429.55,463641.58,34720971.95,2203893892.11
CMBS_NEW_AEOYEE,Base,2028-03-31,11109128.42,21374902.72,2358340.54,1482905.48,459144.56,34383227.12,2182518989.38
CMBS_NEW_AEOYEE,Base,2028-04-30,11001822.48,21166199.28,2335458.66,1468523.23,454691.46,34048788.96,2161352790.11
CMBS_NEW_AEOYEE,Base,2028-05-31,10895559.23,20959547.19,2312800.29,1454281.4,450281.83,33717624.88,2140393242.92
CMBS_NEW_AEOYEE,Base,2028-06-30,10790328.47,20754926.17,2290363.22,1440178.62,445915.26,33389702.61,2119638316.74
CMBS_NEW_AEOYEE,Base,2028-07-31,10686120.13,20552316.12,2268145.29,1426213.52,441591.32,33064990.23,2099086000.62
CMBS_NEW_AEOYEE,Base,2028-08-31,10582924.2,20351697.16,2246144.33,1412384.75,437309.58,32743456.1,2078734303.46
CMBS_NEW_AEOYEE,Base,2028-09-30,10480730.79,20153049.57,2224358.22,1398690.97,433069.65,32425068.93,2058581253.89
CMBS_NEW_AEOYEE,Base,2028-10-31,10379530.1,19956353.87,2202784.84,1385130.85,428871.09,32109797.71,2038624900.02
CMBS_NEW_AEOYEE,Base,2028-11-30,10279312.43,19761590.75,2181422.1,1371703.08,424713.52,31797611.76,2018863309.28
CMBS_NEW_AEOYEE,Base,2028-12-31,10180068.18,19568741.09,2160267.93,1358406.35,420596.52,31488480.69,1999294568.18
CMBS_NEW_AEOYEE,Base,2029-01-31,10081787.84,19377785.98,2139320.29,1345239.39,416519.7,31182374.4,1979916782.2
CMBS_NEW_AEOYEE,Base,2029-02-28,9984461.98,19188706.68,2118577.13,1332200.91,412482.66,30879263.13,1960728075.52
CMBS_NEW_AEOYEE,Base,2029-03-31,9888081.28,19001484.64,2098036.46,1319289.65,408485.02,30579117.36,1941726590.88
CMBS_NEW_AEOYEE,Base,2029-04-30,9792636.51,18816101.5,2077696.28,1306504.37,404526.37,30281907.91,1922910489.39
CMBS_NEW_AEOYEE,Base,2029-05-31,9698118.53,18632539.07,2057554.62,1293843.82,400606.35,29987605.87,1904277950.32
CMBS_NEW_AEOYEE,Base,2029-06-30,9604518.28,18450779.36,2037609.53,1281306.79,396724.57,29696182.6,1885827170.95
CMBS_NEW_AEOYEE,Base,2029-07-31,9511826.8,18270804.55,2017859.08,1268892.05,392880.66,29407609.78,1867556366.4
CMBS_NEW_AEOYEE,Base,2029-08-31,9420035.22,18092597.0,1998301.36,1256598.41,389074.24,29121859.33,1849463769.4
CMBS_NEW_AEOYEE,Base,2029-09-30,9329134.74,17916139.23,1978934.48,1244424.68,385304.95,28838903.49,1831547630.17
CMBS_NEW_AEOYEE,Base,2029-10-31,9239116.66,17741413.95,1959756.55,1232369.68,381572.42,28558714.74,1813806216.23
CMBS_NEW_AEOYEE,Base,2029-11-30,9149972.37,17568404.04,1940765.74,1220432.25,377876.3,28281265.85,1796237812.18
CMBS_NEW_AEOYEE,Base,2029-12-31,9061693.33,17397092.55,1921960.18,1208611.22,374216.21,28006529.85,1778840719.63
CMBS_NEW_AEOYEE,Base,2030-01-31,8974271.09,17227462.7,1903338.08,1196905.47,370591.82,27734480.05,1761613256.94
CMBS_NEW_AEOYEE,Base,2030-02-28,8887697.3,17059497.86,1884897.62,1185313.85,367002.76,27465090.02,1744553759.07
CMBS_NEW_AEOYEE,Base,2030-03-31,8801963.66,16893181.6,1866637.02,1173835.25,363448.7,27198333.58,1727660577.48
CMBS_NEW_AEOYEE,Base,2030-04-30,8717061.98,16728497.61,1848554.52,1162468.55,359929.29,26934184.82,1710932079.87
CMBS_NEW_AEOYEE,Base,2030-05-31,8632984.13,16565429.78,1830648.37,1151212.66,356444.18,26672618.1,1694366650.08
CMBS_NEW_AEOYEE,Base,2030-06-30,8549722.07,16403962.14,1812916.84,1140066.5,352993.05,26413607.99,1677962687.94
CMBS_NEW_AEOYEE,Base,2030-07-31,8467267.84,16244078.89,1795358.2,1129028.98,349575.56,26157129.37,1661718609.05
CMBS_NEW_AEOYEE,Base,2030-08-31,8385613.56,16085764.37,1777970.77,1118099.03,346191.38,25903157.32,1645632844.68
CMBS_NEW_AEOYEE,Base,2030-09-30,8304751.41,15929003.09,1760752.87,1107275.61,342840.18,25651667.19,1629703841.59
CMBS_NEW_AEOYEE,Base,2030-10-31,8224673.67,15773779.72,1743702.82,1096557.67,339521.63,25402634.58,1613930061.87
CMBS_NEW_AEOYEE,Base,2030-11-30,8145372.69,15620079.06,1726818.99,1085944.17,336235.43,25156035.31,1598309982.82
CMBS_NEW_AEOYEE,Base,2030-12-31,8066840.87,15467886.08,1710099.75,1075434.09,332981.25,24911845.45,1582842096.74
CMBS_NEW_AEOYEE,Base,2031-01-31,7989070.73,15317185.89,1693543.46,1065026.42,329758.77,24670041.31,1567524910.85
CMBS_NEW_AEOYEE,Base,2031-02-28,7912054.82,15167963.75,1677148.55,1054720.14,326567.69,24430599.43,1552356947.1
CMBS_NEW_AEOYEE,Base,2031-03-31,7835785.79,15020205.08,1660913.42,1044514.27,323407.7,24193496.59,1537336742.02
CMBS_NEW_AEOYEE,Base,2031-04-30,7760256.36,14873895.42,1644836.51,1034407.82,320278.49,23958709.8,1522462846.6
CMBS_NEW_AEOYEE,Base,2031-05-31,7685459.3,14729020.47,1628916.26,1024399.82,317179.76,23726216.27,1507733826.13
CMBS_NEW_AEOYEE,Base,2031-06-30,7611387.48,14585566.07,1613151.14,1014489.29,314111.21,23495993.47,1493148260.07
CMBS_NEW_AEOYEE,Base,2031-07-31,7538033.81,14443518.19,1597539.63,1004675.29,311072.55,23268019.08,1478704741.88
CMBS_NEW_AEOYEE,Base,2031-08-31,7465391.31,14302862.96,1582080.21,994956.87,308063.49,23042270.99,1464401878.91
CMBS_NEW_AEOYEE,Base,2031-09-30,7393453.02,14163586.64,1566771.41,985333.09,305083.72,22818727.34,1450238292.28
CMBS_NEW_AEOYEE,Base,2031-10-31,7322212.08,14025675.61,1551611.73,975803.02,302132.98,22597366.44,1436212616.67
CMBS_NEW_AEOYEE,Base,2031-11-30,7251661.7,13889116.4,1536599.72,966365.74,299210.96,22378166.86,1422323500.28
CMBS_NEW_AEOYEE,Base,2031-12-31,7181795.14,13753895.67,1521733.94,957020.35,296317.4,22161107.35,1408569604.6
CMBS_NEW_AEOYEE,Base,2032-01-31,7112605.73,13620000.23,1507012.94,947765.95,293452.0,21946166.89,1394949604.38
CMBS_NEW_AEOYEE,Base,2032-02-29,7044086.86,13487416.98,1492435.3,938601.64,290614.5,21733324.65,1381462187.39
CMBS_NEW_AEOYEE,Base,2032-03-31,6976232.01,13356133.0,1477999.63,929526.53,287804.62,21522560.02,1368106054.39
CMBS_NEW_AEOYEE,Base,2032-04-30,6909034.7,13226135.46,1463704.53,920539.76,285022.09,21313852.59,1354879918.93
CMBS_NEW_AEOYEE,Base,2032-05-31,6842488.52,13097411.67,1449548.61,911640.47,282266.65,21107182.16,1341782507.26
CMBS_NEW_AEOYEE,Base,2032-06-30,6776587.12,12969949.08,1435530.53,902827.78,279538.02,20902528.7,1328812558.19
CMBS_NEW_AEOYEE,Base,2032-07-31,6711324.21,12843735.23,1421648.92,894100.86,276835.95,20699872.42,1315968822.95
CMBS_NEW_AEOYEE,Base,2032-08-31,6646693.59,12718757.82,1407902.45,885458.86,274160.17,20499193.69,1303250065.13
CMBS_NEW_AEOYEE,Base,2032-09-30,6582689.07,12595004.66,1394289.8,876900.96,271510.43,20300473.1,1290655060.47
CMBS_NEW_AEOYEE,Base,2032-10-31,6519304.56,12472463.67,1380809.65,868426.32,268886.47,20103691.41,1278182596.8
CMBS_NEW_AEOYEE,Base,2032-11-30,6456534.03,12351122.9,1367460.7,860034.13,266288.04,19908829.58,1265831473.9
CMBS_NEW_AEOYEE,Base,2032-12-31,6394371.48,12230970.52,1354241.67,851723.59,263714.89,19715868.77,1253600503.39
CMBS_NEW_AEOYEE,Base,2033-01-31,6332810.99,12111994.81,1341151.29,843493.9,261166.77,19524790.31,1241488508.58
CMBS_NEW_AEOYEE,Base,2033-02-28,6271846.7,11994184.17,1328188.29,835344.26,258643.44,19335575.72,1229494324.41
CMBS_NEW_AEOYEE,Base,2033-03-31,6211472.79,11877527.12,1315351.43,827273.89,256144.65,19148206.69,1217616797.3
CMBS_NEW_AEOYEE,Base,2033-04-30,6151683.52,11762012.28,1302639.48,819282.01,253670.17,18962665.12,1205854785.02
CMBS_NEW_AEOYEE,Base,2033-05-31,6092473.2,11647628.41,1290051.2,811367.86,251219.75,18778933.06,1194207156.61
CMBS_NEW_AEOYEE,Base,2033-06-30,6033836.18,11534364.34,1277585.39,803530.67,248793.16,18596992.75,1182672792.27
CMBS_NEW_AEOYEE,Base,2033-07-31,5975766.87,11422209.06,1265240.85,795769.69,246390.17,18416826.62,1171250583.21
CMBS_NEW_AEOYEE,Base,2033-08-31,5918259.75,11311151.63,1253016.39,788084.18,244010.54,18238417.23,1159939431.58
CMBS_NEW_AEOYEE,Base,2033-09-30,5861309.35,11201181.23,1240910.83,780473.39,241654.05,18061747.36,1148738250.35
CMBS_NEW_AEOYEE,Base,2033-10-31,5804910.24,11092287.15,1228923.02,772936.6,239320.47,17886799.94,1137645963.2
CMBS_NEW_AEOYEE,Base,2033-11-30,5749057.05,10984458.8,1217051.79,765473.07,237009.58,17713558.06,1126661504.4
CMBS_NEW_AEOYEE,Base,2033-12-31,5693744.47,10877685.66,1205296.0,758082.1,234721.15,17542004.99,1115783818.74
CMBS_NEW_AEOYEE,Base,2034-01-31,5638967.24,10771957.35,1193654.54,750762.98,232454.96,17372124.17,1105011861.39
CMBS_NEW_AEOYEE,Base,2034-02-28,5584720.14,10667263.58,1182126.27,743514.99,230210.8,17203899.17,1094344597.81
CMBS_NEW_AEOYEE,Base,2034-03-31,5530998.0,10563594.14,1170710.09,736337.45,227988.46,17037313.77,1083781003.67
CMBS_NEW_AEOYEE,Base,2034-04-30,5477795.73,10460938.96,1159404.9,729229.66,225787.71,16872351.88,1073320064.7
CMBS_NEW_AEOYEE,Base,2034-05-31,5425108.26,10359288.05,1148209.61,722190.94,223608.35,16708997.58,1062960776.65
CMBS_NEW_AEOYEE,Base,2034-06-30,5372930.57,10258631.52,1137123.16,715220.62,221450.16,16547235.09,1052702145.13
CMBS_NEW_AEOYEE,Base,2034-07-31,5321257.72,10158959.57,1126144.46,708318.03,219312.95,16387048.8,1042543185.57
CMBS_NEW_AEOYEE,Base,2034-08-31,5270084.77,10060262.51,1115272.48,701482.5,217196.5,16228423.27,1032482923.06
CMBS_NEW_AEOYEE,Base,2034-09-30,5219406.88,9962530.74,1104506.17,694713.38,215100.61,16071343.17,1022520392.32
CMBS_NEW_AEOYEE,Base,2034-10-31,5169219.21,9865754.76,1093844.49,688010.03,213025.08,15915793.37,1012654637.57
CMBS_NEW_AEOYEE,Base,2034-11-30,5119517.01,9769925.15,1083286.41,681371.78,210969.72,15761758.86,1002884712.41
CMBS_NEW_AEOYEE,Base,2034-12-31,5070295.54,9675032.61,1072830.93,674798.02,208934.32,15609224.77,993209679.8
CMBS_NEW_AEOYEE,Base,2035-01-31,5021550.12,9581067.91,1062477.04,668288.11,206918.68,15458176.4,983628611.89
CMBS_NEW_AEOYEE,Base,2035-02-28,4973276.14,9488021.92,1052223.75,661841.42,204922.63,15308599.18,974140589.97
CMBS_NEW_AEOYEE,Base,2035-03-31,4925469.0,9395885.59,1042070.08,655457.34,202945.96,15160478.7,964744704.38
CMBS_NEW_AEOYEE,Base,2035-04-30,4878124.15,9304649.97,1032015.04,649135.25,200988.48,15013800.68,955440054.41
CMBS_NEW_AEOYEE,Base,2035-05-31,4831237.11,9214306.2,1022057.67,642874.55,199050.01,14868550.97,946225748.21
CMBS_NEW_AEOYEE,Base,2035-06-30,4784803.42,9124845.5,1012197.03,636674.64,197130.36,14724715.58,937100902.71
CMBS_NEW_AEOYEE,Base,2035-07-31,4738818.66,9036259.19,1002432.16,630534.92,195229.35,14582280.65,928064643.52
CMBS_NEW_AEOYEE,Base,2035-08-31,4693278.48,8948538.66,992762.13,624454.81,193346.8,14441232.46,919116104.87
CMBS_NEW_AEOYEE,Base,2035-09-30,4648178.54,8861675.39,983186.0,618433.72,191482.52,14301557.41,910254429.48
CMBS_NEW_AEOYEE,Base,2035-10-31,4603514.58,8775660.95,973702.87,612471.08,189636.34,14163242.06,901478768.53
CMBS_NEW_AEOYEE,Base,2035-11-30,4559282.34,8690486.99,964311.82,606566.32,187808.08,14026273.08,892788281.55
CMBS_NEW_AEOYEE,Base,2035-12-31,4515477.64,8606145.24,955011.96,600718.86,185997.56,13890637.27,884182136.31
CMBS_NEW_AEOYEE,Base,2036-01-31,4472096.3,8522627.52,945802.38,594928.16,184204.61,13756321.59,875659508.79
CMBS_NEW_AEOYEE,Stress_Credit,2026-02-28,14162639.18,27116841.65,0.0,7232454.68,585945.03,40693535.81,2785419279.06
CMBS_NEW_AEOYEE,Stress_Credit,2026-03-31,14026676.67,26853612.2,0.0,7162723.55,580295.68,40299993.19,2758565666.86
CMBS_NEW_AEOYEE,Stress_Credit,2026-04-30,13892027.33,26592955.24,0.0,7093669.31,574701.18,39910281.39,2731972711.62
CMBS_NEW_AEOYEE,Stress_Credit,2026-05-31,13758678.41,26334845.46,0.0,7025285.36,569160.98,39524362.89,2705637866.16
CMBS_NEW_AEOYEE,Stress_Credit,2026-06-30,13626617.27,26079257.81,0.0,6957565.13,563674.56,39142200.53,2679558608.36
CMBS_NEW_AEOYEE,Stress_Credit,2026-07-31,13495831.4,25826167.47,0.0,6890502.15,558241.38,38763757.5,2653732440.88
CMBS_NEW_AEOYEE,Stress_Credit,2026-08-31,13366308.42,25575549.89,7232454.68,6824090.0,552860.93,45621452.06,2628156890.99
CMBS_NEW_AEOYEE,Stress_Credit,2026-09-30,13238036.04,25327380.75,7162723.55,6758322.31,547532.69,45180607.65,2602829510.24
CMBS_NEW_AEOYEE,Stress_Credit,2026-10-31,13111002.12,25081635.96,7093669.31,6693192.79,542256.15,44744051.25,2577747874.28
CMBS_NEW_AEOYEE,Stress_Credit,2026-11-30,12985194.64,24838291.69,7025285.36,6628695.2,537030.81,44311740.88,2552909582.59
CMBS_NEW_AEOYEE,Stress_Credit,2026-12-31,12860601.68,24597324.32,6957565.13,6564823.37,531856.16,43883634.98,2528312258.27
CMBS_NEW_AEOYEE,Stress_Credit,2027-01-31,12737211.45,24358710.5,6890502.15,6501571.19,526731.72,43459692.38,2503953547.77
CMBS_NEW_AEOYEE,Stress_Credit,2027-02-28,12615012.27,24122427.07,6824090.0,6438932.61,521656.99,43039872.34,2479831120.7
CMBS_NEW_AEOYEE,Stress_Credit,2027-03-31,12493992.56,23888451.13,6758322.31,6376901.64,516631.48,42624134.51,2455942669.57
CMBS_NEW_AEOYEE,Stress_Credit,2027-04-30,12374140.88,23656759.99,6693192.79,6315472.33,511654.72,42212438.93,2432285909.59
CMBS_NEW_AEOYEE,Stress_Credit,2027-05-31,12255445.89,23427331.19,6628695.2,6254638.82,506726.23,41804746.04,2408858578.39
CMBS_NEW_AEOYEE,Stress_Credit,2027-06-30,12137896.35,23200142.5,6564823.37,6194395.29,501845.54,41401016.68,2385658435.89
CMBS_NEW_AEOYEE,Stress_Credit,2027-07-31,12021481.14,22975171.9,6501571.19,6134735.97,497012.17,41001212.05,2362683264.0
CMBS_NEW_AEOYEE,Stress_Credit,2027-08-31,11906189.26,22752397.58,6438932.61,6075655.17,492225.68,40605293.77,2339930866.42
CMBS_NEW_AEOYEE,Stress_Credit,2027-09-30,11792009.79,22531797.96,6376901.64,6017147.24,487485.6,40213223.79,2317399068.46
CMBS_NEW_AEOYEE,Stress_Credit,2027-10-31,11678931.94,22313351.68,6315472.33,5959206.57,482791.47,39824964.48,2295085716.77
CMBS_NEW_AEOYEE,Stress_Credit,2027-11-30,11566945.01,22097037.57,6254638.82,5901827.65,478142.86,39440478.55,2272988679.2
CMBS_NEW_AEOYEE,Stress_Credit,2027-12-31,11456038.43,21882834.69,6194395.29,5845004.97,473539.31,39059729.1,2251105844.51
CMBS_NEW_AEOYEE,Stress_Credit,2028-01-31,11346201.69,21670722.28,6134735.97,5788733.12,468980.38,38682679.56,2229435122.23
CMBS_NEW_AEOYEE,Stress_Credit,2028-02-29,11237424.43,21460679.82,6075655.17,5733006.72,464465.65,38309293.77,2207974442.41
CMBS_NEW_AEOYEE,Stress_Credit,2028-03-31,11129696.35,21252686.96,6017147.24,5677820.44,459994.68,37939535.88,2186721755.44
CMBS_NEW_AEOYEE,Stress_Credit,2028-04-30,11023007.28,21046723.58,5959206.57,5623169.02,455567.03,37573370.4,2165675031.86
CMBS_NEW_AEOYEE,Stress_Credit,2028-05-31,10917347.14,20842769.74,5901827.65,5569047.24,451182.3,37210762.23,2144832262.12
CMBS_NEW_AEOYEE,Stress_Credit,2028-06-30,10812705.94,20640805.7,5845004.97,5515449.92,446840.05,36851676.56,2124191456.42
CMBS_NEW_AEOYEE,Stress_Credit,2028-07-31,10709073.8,20440811.92,5788733.12,5462371.96,442539.89,36496078.95,2103750644.5
CMBS_NEW_AEOYEE,Stress_Credit,2028-08-31,10606440.92,20242769.05,5733006.72,5409808.28,438281.38,36143935.31,2083507875.45
CMBS_NEW_AEOYEE,Stress_Credit,2028-09-30,10504797.62,20046657.94,5677820.44,5357753.87,434064.14,35795211.86,2063461217.51
CMBS_NEW_AEOYEE,Stress_Credit,2028-10-31,10404134.3,19852459.6,5623169.02,5306203.76,429887.75,35449875.17,2043608757.91
CMBS_NEW_AEOYEE,Stress_Credit,2028-11-30,10304441.44,19660155.28,5569047.24,5255153.03,425751.82,35107892.13,2023948602.63
CMBS_NEW_AEOYEE,Stress_Credit,2028-12-31,10205709.64,19469726.36,5515449.92,5204596.82,421655.96,34769229.96,2004478876.28
CMBS_NEW_AEOYEE,Stress_Credit,2029-01-31,10107929.58,19281154.43,5462371.96,5154530.29,417599.77,34433856.21,1985197721.85
CMBS_NEW_AEOYEE,Stress_Credit,2029-02-28,10011092.03,19094421.27,5409808.28,5104948.68,413582.86,34101738.72,1966103300.57
CMBS_NEW_AEOYEE,Stress_Credit,2029-03-31,9915187.84,18909508.83,5357753.87,5055847.25,409604.85,33772845.69,1947193791.74
CMBS_NEW_AEOYEE,Stress_Credit,2029-04-30,9820207.97,18726399.24,5306203.76,5007221.33,405665.37,33447145.59,1928467392.5
CMBS_NEW_AEOYEE,Stress_Credit,2029-05-31,9726143.45,18545074.8,5255153.03,4959066.27,401764.04,33124607.24,1909922317.7
CMBS_NEW_AEOYEE,Stress_Credit,2029-06-30,9632985.41,18365517.98,5204596.82,4911377.49,397900.48,32805199.73,1891556799.72
CMBS_NEW_AEOYEE,Stress_Credit,2029-07-31,9540725.06,18187711.46,5154530.29,4864150.45,394074.33,32488892.48,1873369088.26
CMBS_NEW_AEOYEE,Stress_Credit,2029-08-31,9449353.71,18011638.04,5104948.68,4817380.63,390285.23,32175655.19,1855357450.23
CMBS_NEW_AEOYEE,Stress_Credit,2029-09-30,9358862.72,17837280.72,5055847.25,4771063.59,386532.8,31865457.89,1837520169.5
CMBS_NEW_AEOYEE,Stress_Credit,2029-10-31,9269243.56,17664622.67,5007221.33,4725194.91,382816.7,31558270.86,1819855546.83
CMBS_NEW_AEOYEE,Stress_Credit,2029-11-30,9180487.8,17493647.22,4959066.27,4679770.21,379136.57,31254064.71,1802361899.62
CMBS_NEW_AEOYEE,Stress_Credit,2029-12-31,9092587.05,17324337.85,4911377.49,4634785.19,375492.06,30952810.33,1785037561.77
CMBS_NEW_AEOYEE,Stress_Credit,2030-01-31,9005533.03,17156678.22,4864150.45,4590235.54,371882.83,30654478.87,1767880883.55
CMBS_NEW_AEOYEE,Stress_Credit,2030-02-28,8919317.54,16990652.15,4817380.63,4546117.03,368308.52,30359041.81,1750890231.4
CMBS_NEW_AEOYEE,Stress_Credit,2030-03-31,8833932.45,16826243.62,4771063.59,4502425.46,364768.8,30066470.86,1734063987.78
CMBS_NEW_AEOYEE,Stress_Credit,2030-04-30,8749369.71,16663436.77,4725194.91,4459156.67,361263.33,29776738.06,1717400551.01
CMBS_NEW_AEOYEE,Stress_Credit,2030-05-31,8665621.36,16502215.88,4679770.21,4416306.54,357791.78,29489815.67,1700898335.13
CMBS_NEW_AEOYEE,Stress_Credit,2030-06-30,8582679.5,16342565.4,4634785.19,4373870.98,354353.82,29205676.27,1684555769.73
CMBS_NEW_AEOYEE,Stress_Credit,2030-07-31,8500536.33,16184469.94,4590235.54,4331845.97,350949.12,28924292.69,1668371299.79
CMBS_NEW_AEOYEE,Stress_Credit,2030-08-31,8419184.09,16027914.24,4546117.03,4290227.5,347577.35,28645638.01,1652343385.55
CMBS_NEW_AEOYEE,Stress_Credit,2030-09-30,8338615.14,15872883.21,4502425.46,4249011.62,344238.21,28369685.61,1636470502.35
CMBS_NEW_AEOYEE,Stress_Credit,2030-10-31,8258821.89,15719361.9,4459156.67,4208194.4,340931.35,28096409.1,1620751140.45
CMBS_NEW_AEOYEE,Stress_Credit,2030-11-30,8179796.82,15567335.51,4416306.54,4167771.96,337656.49,27825782.37,1605183804.95
CMBS_NEW_AEOYEE,Stress_Credit,2030-12-31,8101532.49,15416789.38,4373870.98,4127740.45,334413.29,27557779.56,1589767015.56
CMBS_NEW_AEOYEE,Stress_Credit,2031-01-31,8024021.53,15267709.01,4331845.97,4088096.08,331201.46,27292375.05,1574499306.55
CMBS_NEW_AEOYEE,Stress_Credit,2031-02-28,7947256.65,15120080.04,4290227.5,4048835.07,328020.69,27029543.5,1559379226.51
CMBS_NEW_AEOYEE,Stress_Credit,2031-03-31,7871230.62,14973888.22,4249011.62,4009953.69,324870.67,26769259.79,1544405338.29
CMBS_NEW_AEOYEE,Stress_Credit,2031-04-30,7795936.3,14829119.49,4208194.4,3971448.24,321751.11,26511499.07,1529576218.79
CMBS_NEW_AEOYEE,Stress_Credit,2031-05-31,7721366.58,14685759.9,4167771.96,3933315.06,318661.71,26256236.72,1514890458.9
CMBS_NEW_AEOYEE,Stress_Credit,2031-06-30,7647514.47,14543795.62,4127740.45,3895550.53,315602.18,26003448.37,1500346663.28
CMBS_NEW_AEOYEE,Stress_Credit,2031-07-31,7574373.01,14403213.01,4088096.08,3858151.07,312572.22,25753109.87,1485943450.27
CMBS_NEW_AEOYEE,Stress_Credit,2031-08-31,7501935.31,14263998.51,4048835.07,3821113.12,309571.55,25505197.34,1471679451.75
CMBS_NEW_AEOYEE,Stress_Credit,2031-09-30,7430194.58,14126138.73,4009953.69,3784433.15,306599.89,25259687.11,1457553313.03
CMBS_NEW_AEOYEE,Stress_Credit,2031-10-31,7359144.06,13989620.39,3971448.24,3748107.7,303656.94,25016555.75,1443563692.64
CMBS_NEW_AEOYEE,Stress_Credit,2031-11-30,7288777.07,13854430.35,3933315.06,3712133.3,300742.44,24775780.05,1429709262.28
CMBS_NEW_AEOYEE,Stress_Credit,2031-12-31,7219087.0,13720555.61,3895550.53,3676506.54,297856.1,24537337.05,1415988706.67
CMBS_NEW_AEOYEE,Stress_Credit,2032-01-31,7150067.29,13587983.27,3858151.07,3641224.04,294997.65,24301203.99,1402400723.4
CMBS_NEW_AEOYEE,Stress_Credit,2032-02-29,7081711.46,13456700.59,3821113.12,3606282.46,292166.82,24067358.35,1388944022.81
CMBS_NEW_AEOYEE,Stress_Credit,2032-03-31,7014013.09,13326694.93,3784433.15,3571678.47,289363.34,23835777.84,1375617327.87
CMBS_NEW_AEOYEE,Stress_Credit,2032-04-30,6946965.8,13197953.8,3748107.7,3537408.78,286586.94,23606440.35,1362419374.08
CMBS_NEW_AEOYEE,Stress_Credit,2032-05-31,6880563.31,13070464.8,3712133.3,3503470.16,283837.37,23379324.03,1349348909.28
CMBS_NEW_AEOYEE,Stress_Credit,2032-06-30,6814799.37,12944215.67,3676506.54,3469859.38,281114.36,23154407.23,1336404693.61
CMBS_NEW_AEOYEE,Stress_Credit,2032-07-31,6749667.81,12819194.28,3641224.04,3436573.24,278417.64,22931668.49,1323585499.33
CMBS_NEW_AEOYEE,Stress_Credit,2032-08-31,6685162.5,12695388.61,3606282.46,3403608.6,275746.98,22711086.59,1310890110.72
CMBS_NEW_AEOYEE,Stress_Credit,2032-09-30,6621277.4,12572786.76,3571678.47,3370962.33,273102.11,22492640.52,1298317323.95
CMBS_NEW_AEOYEE,Stress_Credit,2032-10-31,6558006.49,12451376.94,3537408.78,3338631.33,270482.78,22276309.44,1285865947.01
CMBS_NEW_AEOYEE,Stress_Credit,2032-11-30,6495343.85,12331147.49,3503470.16,3306612.53,267888.74,22062072.76,1273534799.52
CMBS_NEW_AEOYEE,Stress_Credit,2032-12-31,6433283.58,12212086.85,3469859.38,3274902.91,265319.75,21849910.06,1261322712.68
CMBS_NEW_AEOYEE,Stress_Credit,2033-01-31,6371819.87,12094183.58,3436573.24,3243499.45,262775.57,21639801.13,1249228529.1
CMBS_NEW_AEOYEE,Stress_Credit,2033-02-28,6310946.94,11977426.36,3403608.6,3212399.18,260255.94,21431725.96,1237251102.74
CMBS_NEW_AEOYEE,Stress_Credit,2033-03-31,6250659.07,11861803.97,3370962.33,3181599.15,257760.65,21225664.73,1225389298.76
CMBS_NEW_AEOYEE,Stress_Credit,2033-04-30,6190950.62,11747305.31,3338631.33,3151096.44,255289.44,21021597.83,1213641993.45
CMBS_NEW_AEOYEE,Stress_Credit,2033-05-31,6131815.98,11633919.39,3306612.53,3120888.17,252842.08,20819505.82,1202008074.06
CMBS_NEW_AEOYEE,Stress_Credit,2033-06-30,6073249.61,11521635.31,3274902.91,3090971.47,250418.35,20619369.48,1190486438.75
CMBS_NEW_AEOYEE,Stress_Credit,2033-07-31,6015246.0,11410442.3,3243499.45,3061343.52,248018.01,20421169.74,1179075996.45
CMBS_NEW_AEOYEE,Stress_Credit,2033-08-31,5957799.72,11300329.69,3212399.18,3032001.49,245640.83,20224887.75,1167775666.76
CMBS_NEW_AEOYEE,Stress_Credit,2033-09-30,5900905.38,11191286.9,3181599.15,3002942.62,243286.6,20030504.83,1156584379.86
CMBS_NEW_AEOYEE,Stress_Credit,2033-10-31,5844557.64,11083303.47,3151096.44,2974164.15,240955.08,19838002.48,1145501076.39
CMBS_NEW_AEOYEE,Stress_Credit,2033-11-30,5788751.23,10976369.05,3120888.17,2945663.37,238646.06,19647362.39,1134524707.34
CMBS_NEW_AEOYEE,Stress_Credit,2033-12-31,5733480.91,10870473.37,3090971.47,2917437.56,236359.31,19458566.44,1123654233.98
CMBS_NEW_AEOYEE,Stress_Credit,2034-01-31,5678741.5,10765606.27,3061343.52,2889484.07,234094.63,19271596.65,1112888627.71
CMBS_NEW_AEOYEE,Stress_Credit,2034-02-28,5624527.87,10661757.7,3032001.49,2861800.25,231851.8,19086435.26,1102226870.01
CMBS_NEW_AEOYEE,Stress_Credit,2034-03-31,5570834.93,10558917.69,3002942.62,2834383.47,229630.6,18903064.65,1091667952.31
CMBS_NEW_AEOYEE,Stress_Credit,2034-04-30,5517657.66,10457076.4,2974164.15,2807231.14,227430.82,18721467.39,1081210875.92
CMBS_NEW_AEOYEE,Stress_Credit,2034-05-31,5464991.08,10356224.04,2945663.37,2780340.7,225252.27,18541626.23,1070854651.87
CMBS_NEW_AEOYEE,Stress_Credit,2034-06-30,5412830.25,10256350.96,2917437.56,2753709.61,223094.72,18363524.06,1060598300.91
CMBS_NEW_AEOYEE,Stress_Credit,2034-07-31,5361170.28,10157447.59,2889484.07,2727335.34,220957.98,18187143.96,1050440853.32
CMBS_NEW_AEOYEE,Stress_Credit,2034-08-31,5310006.34,10059504.43,2861800.25,2701215.39,218841.84,18012469.18,1040381348.89
CMBS_NEW_AEOYEE,Stress_Credit,2034-09-30,5259333.63,9962512.12,2834383.47,2675347.31,216746.11,17839483.1,1030418836.77
CMBS_NEW_AEOYEE,Stress_Credit,2034-10-31,5209147.42,9866461.35,2807231.14,2649728.65,214670.59,17668169.32,1020552375.43
CMBS_NEW_AEOYEE,Stress_Credit,2034-11-30,5159442.99,9771342.92,2780340.7,2624356.98,212615.08,17498511.54,1010781032.5
CMBS_NEW_AEOYEE,Stress_Credit,2034-12-31,5110215.7,9677147.73,2753709.61,2599229.91,210579.38,17330493.65,1001103884.78
CMBS_NEW_AEOYEE,Stress_Credit,2035-01-31,5061460.94,9583866.75,2727335.34,2574345.06,208563.31,17164099.71,991520018.03
CMBS_NEW_AEOYEE,Stress_Credit,2035-02-28,5013174.15,9491491.04,2701215.39,2549700.09,206566.67,16999313.91,982028526.99
CMBS_NEW_AEOYEE,Stress_Credit,2035-03-31,4965350.8,9400011.77,2675347.31,2525292.66,204589.28,16836120.61,972628515.22
CMBS_NEW_AEOYEE,Stress_Credit,2035-04-30,4917986.43,9309420.18,2649728.65,2501120.47,202630.94,16674504.32,963319095.04
CMBS_NEW_AEOYEE,Stress_Credit,2035-05-31,4871076.6,9219707.59,2624356.98,2477181.23,200691.48,16514449.69,954099387.44
CMBS_NEW_AEOYEE,Stress_Credit,2035-06-30,4824616.92,9130865.42,2599229.91,2453472.7,198770.71,16355941.54,944968522.02
CMBS_NEW_AEOYEE,Stress_Credit,2035-07-31,4778603.04,9042885.17,2574345.06,2429992.62,196868.44,16198964.83,935925636.85
CMBS_NEW_AEOYEE,Stress_Credit,2035-08-31,4733030.67,8955758.42,2549700.09,2406738.78,194984.51,16043504.67,926969878.43
CMBS_NEW_AEOYEE,Stress_Credit,2035-09-30,4687895.54,8869476.82,2525292.66,2383708.99,193118.72,15889546.3,918100401.61
CMBS_NEW_AEOYEE,Stress_Credit,2035-10-31,4643193.43,8784032.14,2501120.47,2360901.07,191270.92,15737075.13,909316369.47
CMBS_NEW_AEOYEE,Stress_Credit,2035-11-30,4598920.17,8699416.19,2477181.23,2338312.88,189440.91,15586076.68,900616953.27
CMBS_NEW_AEOYEE,Stress_Credit,2035-12-31,4555071.6,8615620.89,2453472.7,2315942.27,187628.53,15436536.66,892001332.38
CMBS_NEW_AEOYEE,Stress_Credit,2036-01-31,4511643.64,8532638.22,2429992.62,2293787.15,185833.61,15288440.87,883468694.16
CMBS_NEW_AEOYEE,Stress_Rates,2026-02-28,14162639.18,24707689.51,0.0,3208462.11,585945.03,38284383.67,2787828431.2
CMBS_NEW_AEOYEE,Stress_Rates,2026-03-31,14038808.05,24488851.73,0.0,3180276.27,580797.59,37946862.19,2763339579.47
CMBS_NEW_AEOYEE,Stress_Rates,2026-04-30,13916067.57,24271967.93,0.0,3152340.08,575695.75,37612339.75,2739067611.54
CMBS_NEW_AEOYEE,Stress_Rates,2026-05-31,13794408.05,24057020.53,0.0,3124651.3,570639.09,37280789.49,2715010591.01
CMBS_NEW_AEOYEE,Stress_Rates,2026-06-30,13673819.91,23843992.1,0.0,3097207.73,565627.21,36952184.8,2691166598.9
CMBS_NEW_AEOYEE,Stress_Rates,2026-07-31,13554293.64,23632865.38,0.0,3070007.17,560659.71,36626499.31,2667533733.52
CMBS_NEW_AEOYEE,Stress_Rates,2026-08-31,13435819.83,23423623.25,3921453.69,3043047.46,555736.19,40225160.57,2644110110.27
CMBS_NEW_AEOYEE,Stress_Rates,2026-09-30,13318389.14,23216248.76,3887004.33,3016326.45,550856.27,39870785.95,2620893861.51
CMBS_NEW_AEOYEE,Stress_Rates,2026-10-31,13201992.32,23010725.1,3852860.09,2989842.01,546019.55,39519557.95,2597883136.41
CMBS_NEW_AEOYEE,Stress_Rates,2026-11-30,13086620.2,22807035.63,3819018.25,2963592.02,541225.65,39171448.42,2575076100.79
CMBS_NEW_AEOYEE,Stress_Rates,2026-12-31,12972263.69,22605163.84,3785476.11,2937574.39,536474.19,38826429.45,2552470936.95
CMBS_NEW_AEOYEE,Stress_Rates,2027-01-31,12858913.8,22405093.38,3752230.99,2911787.06,531764.78,38484473.39,2530065843.57
CMBS_NEW_AEOYEE,Stress_Rates,2027-02-28,12746561.59,22206808.06,3719280.23,2886227.96,527097.05,38145552.83,2507859035.52
CMBS_NEW_AEOYEE,Stress_Rates,2027-03-31,12635198.22,22010291.82,3686621.22,2860895.06,522470.63,37809640.62,2485848743.7
CMBS_NEW_AEOYEE,Stress_Rates,2027-04-30,12524814.92,21815528.74,3654251.34,2835786.34,517885.15,37476709.85,2464033214.96
CMBS_NEW_AEOYEE,Stress_Rates,2027-05-31,12415403.01,21622503.07,3622168.02,2810899.79,513340.25,37146733.86,2442410711.89
CMBS_NEW_AEOYEE,Stress_Rates,2027-06-30,12306953.88,21431199.19,3590368.7,2786233.45,508835.56,36819686.2,2420979512.7
CMBS_NEW_AEOYEE,Stress_Rates,2027-07-31,12199458.98,21241601.6,3558850.85,2761785.34,504370.73,36495540.7,2399737911.1
CMBS_NEW_AEOYEE,Stress_Rates,2027-08-31,12092909.87,21053694.98,3527611.95,2737553.52,499945.4,36174271.4,2378684216.12
CMBS_NEW_AEOYEE,Stress_Rates,2027-09-30,11987298.16,20867464.11,3496649.51,2713536.06,495559.21,35855852.58,2357816752.01
CMBS_NEW_AEOYEE,Stress_Rates,2027-10-31,11882615.55,20682893.95,3465961.08,2689731.04,491211.82,35540258.75,2337133858.06
CMBS_NEW_AEOYEE,Stress_Rates,2027-11-30,11778853.79,20499969.55,3435544.19,2666136.58,486902.89,35227464.65,2316633888.51
CMBS_NEW_AEOYEE,Stress_Rates,2027-12-31,11676004.74,20318676.13,3405396.44,2642750.79,482632.06,34917445.25,2296315212.38
CMBS_NEW_AEOYEE,Stress_Rates,2028-01-31,11574060.31,20138999.03,3375515.42,2619571.81,478399.0,34610175.75,2276176213.35
CMBS_NEW_AEOYEE,Stress_Rates,2028-02-29,11473012.48,19960923.72,3345898.75,2596597.81,474203.38,34305631.57,2256215289.63
CMBS_NEW_AEOYEE,Stress_Rates,2028-03-31,11372853.3,19784435.82,3316544.07,2573826.95,470044.85,34003788.34,2236430853.81
CMBS_NEW_AEOYEE,Stress_Rates,2028-04-30,11273574.92,19609521.05,3287449.05,2551257.42,465923.09,33704621.92,2216821332.76
CMBS_NEW_AEOYEE,Stress_Rates,2028-05-31,11175169.51,19436165.29,3258611.37,2528887.43,461837.78,33408108.39,2197385167.47
CMBS_NEW_AEOYEE,Stress_Rates,2028-06-30,11077629.36,19264354.52,3230028.74,2506715.2,457788.58,33114224.05,2178120812.95
CMBS_NEW_AEOYEE,Stress_Rates,2028-07-31,10980946.8,19094074.87,3201698.88,2484738.97,453775.17,32822945.38,2159026738.08
CMBS_NEW_AEOYEE,Stress_Rates,2028-08-31,10885114.23,18925312.58,3173619.54,2462956.98,449797.24,32534249.13,2140101425.49
CMBS_NEW_AEOYEE,Stress_Rates,2028-09-30,10790124.13,18758054.03,3145788.49,2441367.52,445854.46,32248112.2,2121343371.46
CMBS_NEW_AEOYEE,Stress_Rates,2028-10-31,10695969.04,18592285.71,3118203.51,2419968.86,441946.54,31964511.73,2102751085.75
CMBS_NEW_AEOYEE,Stress_Rates,2028-11-30,10602641.56,18427994.24,3090862.42,2398759.3,438073.14,31683425.07,2084323091.51
CMBS_NEW_AEOYEE,Stress_Rates,2028-12-31,10510134.37,18265166.34,3063763.02,2377737.16,434233.98,31404829.76,2066057925.17
CMBS_NEW_AEOYEE,Stress_Rates,2029-01-31,10418440.2,18103788.89,3036903.18,2356900.78,430428.73,31128703.53,2047954136.28
CMBS_NEW_AEOYEE,Stress_Rates,2029-02-28,10327551.85,17943848.85,3010280.76,2336248.48,426657.11,30855024.35,2030010287.43
CMBS_NEW_AEOYEE,Stress_Rates,2029-03-31,10237462.2,17785333.33,2983893.63,2315778.64,422918.81,30583770.36,2012224954.1
CMBS_NEW_AEOYEE,Stress_Rates,2029-04-30,10148164.18,17628229.53,2957739.72,2295489.64,419213.53,30314919.89,1994596724.57
CMBS_NEW_AEOYEE,Stress_Rates,2029-05-31,10059650.77,17472524.78,2931816.92,2275379.85,415540.98,30048451.48,1977124199.79
CMBS_NEW_AEOYEE,Stress_Rates,2029-06-30,9971915.03,17318206.51,2906123.2,2255447.68,411900.87,29784343.87,1959805993.28
CMBS_NEW_AEOYEE,Stress_Rates,2029-07-31,9884950.08,17165262.3,2880656.5,2235691.56,408292.92,29522575.97,1942640730.98
CMBS_NEW_AEOYEE,Stress_Rates,2029-08-31,9798749.1,17013679.8,2855414.81,2216109.91,404716.82,29263126.9,1925627051.18
CMBS_NEW_AEOYEE,Stress_Rates,2029-09-30,9713305.34,16863446.79,2830396.12,2196701.18,401172.3,29005975.94,1908763604.39
CMBS_NEW_AEOYEE,Stress_Rates,2029-10-31,9628612.08,16714551.16,2805598.44,2177463.84,397659.08,28751102.6,1892049053.23
CMBS_NEW_AEOYEE,Stress_Rates,2029-11-30,9544662.69,16566980.92,2781019.81,2158396.35,394176.89,28498486.53,1875482072.31
CMBS_NEW_AEOYEE,Stress_Rates,2029-12-31,9461450.58,16420724.17,2756658.28,2139497.2,390725.43,28248107.6,1859061348.14
CMBS_NEW_AEOYEE,Stress_Rates,2030-01-31,9378969.25,16275769.12,2732511.91,2120764.9,387304.45,27999945.82,1842785579.02
CMBS_NEW_AEOYEE,Stress_Rates,2030-02-28,9297212.21,16132104.1,2708578.78,2102197.96,383913.66,27753981.43,1826653474.92
CMBS_NEW_AEOYEE,Stress_Rates,2030-03-31,9216173.07,15989717.53,2684857.0,2083794.91,380552.81,27510194.8,1810663757.39
CMBS_NEW_AEOYEE,Stress_Rates,2030-04-30,9135845.48,15848597.95,2661344.69,2065554.29,377221.62,27268566.5,1794815159.44
CMBS_NEW_AEOYEE,Stress_Rates,2030-05-31,9056223.13,15708733.99,2638039.98,2047474.66,373919.82,27029077.28,1779106425.45
CMBS_NEW_AEOYEE,Stress_Rates,2030-06-30,8977299.81,15570114.4,2614941.03,2029554.57,370647.17,26791708.06,1763536311.05
CMBS_NEW_AEOYEE,Stress_Rates,2030-07-31,8899069.31,15432728.0,2592045.99,2011792.63,367403.4,26556439.91,1748103583.05
CMBS_NEW_AEOYEE,Stress_Rates,2030-08-31,8821525.53,15296563.75,2569353.07,1994187.4,364188.25,26323254.09,1732807019.3
CMBS_NEW_AEOYEE,Stress_Rates,2030-09-30,8744662.37,15161610.68,2546860.45,1976737.51,361001.46,26092132.04,1717645408.62
CMBS_NEW_AEOYEE,Stress_Rates,2030-10-31,8668473.84,15027857.94,2524566.36,1959441.58,357842.79,25863055.34,1702617550.69
CMBS_NEW_AEOYEE,Stress_Rates,2030-11-30,8592953.96,14895294.75,2502469.03,1942298.22,354711.99,25636005.75,1687722255.93
CMBS_NEW_AEOYEE,Stress_Rates,2030-12-31,8518096.83,14763910.47,2480566.7,1925306.08,351608.8,25410965.19,1672958345.47
CMBS_NEW_AEOYEE,Stress_Rates,2031-01-31,8443896.58,14633694.51,2458857.65,1908463.83,348532.99,25187915.75,1658324650.95
CMBS_NEW_AEOYEE,Stress_Rates,2031-02-28,8370347.4,14504636.41,2437340.16,1891770.12,345484.3,24966839.67,1643820014.54
CMBS_NEW_AEOYEE,Stress_Rates,2031-03-31,8297443.55,14376725.79,2416012.52,1875223.64,342462.5,24747719.36,1629443288.75
CMBS_NEW_AEOYEE,Stress_Rates,2031-04-30,8225179.32,14249952.37,2394873.04,1858823.08,339467.35,24530537.38,1615193336.38
CMBS_NEW_AEOYEE,Stress_Rates,2031-05-31,8153549.06,14124305.95,2373920.04,1842567.13,336498.61,24315276.44,1601069030.43
CMBS_NEW_AEOYEE,Stress_Rates,2031-06-30,8082547.17,13999776.43,2353151.88,1826454.52,333556.05,24101919.43,1587069254.0
CMBS_NEW_AEOYEE,Stress_Rates,2031-07-31,8012168.08,13876353.81,2332566.9,1810483.97,330639.43,23890449.37,1573192900.19
CMBS_NEW_AEOYEE,Stress_Rates,2031-08-31,7942406.31,13754028.16,2312163.48,1794654.22,327748.52,23680849.44,1559438872.03
CMBS_NEW_AEOYEE,Stress_Rates,2031-09-30,7873256.39,13632789.67,2291940.01,1778964.01,324883.1,23473102.97,1545806082.35
CMBS_NEW_AEOYEE,Stress_Rates,2031-10-31,7804712.93,13512628.59,2271894.87,1763412.1,322042.93,23267193.45,1532293453.77
CMBS_NEW_AEOYEE,Stress_Rates,2031-11-30,7736770.56,13393535.26,2252026.5,1747997.28,319227.8,23063104.51,1518899918.5
CMBS_NEW_AEOYEE,Stress_Rates,2031-12-31,7669423.97,13275500.13,2232333.3,1732718.31,316437.48,22860819.92,1505624418.37
CMBS_NEW_AEOYEE,Stress_Rates,2032-01-31,7602667.9,13158513.72,2212813.74,1717573.99,313671.75,22660323.61,1492465904.65
CMBS_NEW_AEOYEE,Stress_Rates,2032-02-29,7536497.14,13042566.63,2193466.26,1702563.13,310930.4,22461599.64,1479423338.02
CMBS_NEW_AEOYEE,Stress_Rates,2032-03-31,7470906.51,12927649.56,2174289.34,1687684.54,308213.2,22264632.22,1466495688.45
CMBS_NEW_AEOYEE,Stress_Rates,2032-04-30,7405890.9,12813753.28,2155281.46,1672937.04,305519.94,22069405.71,1453681935.17
CMBS_NEW_AEOYEE,Stress_Rates,2032-05-31,7341445.23,12700868.65,2136441.12,1658319.47,302850.4,21875904.59,1440981066.52
CMBS_NEW_AEOYEE,Stress_Rates,2032-06-30,7277564.45,12588986.62,2117766.82,1643830.67,300204.39,21684113.51,1428392079.9
CMBS_NEW_AEOYEE,Stress_Rates,2032-07-31,7214243.6,12478098.21,2099257.1,1629469.51,297581.68,21494017.22,1415913981.69
CMBS_NEW_AEOYEE,Stress_Rates,2032-08-31,7151477.71,12368194.52,2080910.49,1615234.85,294982.08,21305600.64,1403545787.18
CMBS_NEW_AEOYEE,Stress_Rates,2032-09-30,7089261.9,12259266.73,2062725.55,1601125.56,292405.37,21118848.8,1391286520.44
CMBS_NEW_AEOYEE,Stress_Rates,2032-10-31,7027591.3,12151306.12,2044700.82,1587140.53,289851.36,20933746.89,1379135214.32
CMBS_NEW_AEOYEE,Stress_Rates,2032-11-30,6966461.11,12044304.03,2026834.91,1573278.67,287319.84,20750280.2,1367090910.29
CMBS_NEW_AEOYEE,Stress_Rates,2032-12-31,6905866.55,11938251.87,2009126.38,1559538.86,284810.61,20568434.19,1355152658.42
CMBS_NEW_AEOYEE,Stress_Rates,2033-01-31,6845802.9,11833141.15,1991573.85,1545920.04,282323.47,20388194.43,1343319517.27
CMBS_NEW_AEOYEE,Stress_Rates,2033-02-28,6786265.46,11728963.44,1974175.93,1532421.13,279858.23,20209546.6,1331590553.83
CMBS_NEW_AEOYEE,Stress_Rates,2033-03-31,6727249.61,11625710.4,1956931.24,1519041.05,277414.7,20032476.55,1319964843.43
CMBS_NEW_AEOYEE,Stress_Rates,2033-04-30,6668750.73,11523373.74,1939838.43,1505778.77,274992.68,19856970.23,1308441469.68
CMBS_NEW_AEOYEE,Stress_Rates,2033-05-31,6610764.27,11421945.28,1922896.15,1492633.23,272591.97,19683013.72,1297019524.4
CMBS_NEW_AEOYEE,Stress_Rates,2033-06-30,6553285.69,11321416.89,1906103.05,1479603.4,270212.4,19510593.23,1285698107.52
CMBS_NEW_AEOYEE,Stress_Rates,2033-07-31,6496310.53,11221780.51,1889457.83,1466688.24,267853.77,19339695.09,1274476327.01
CMBS_NEW_AEOYEE,Stress_Rates,2033-08-31,6439834.33,11123028.16,1872959.15,1453886.75,265515.9,19170305.75,1263353298.85
CMBS_NEW_AEOYEE,Stress_Rates,2033-09-30,6383852.71,11025151.95,1856605.73,1441197.91,263198.6,19002411.79,1252328146.89
CMBS_NEW_AEOYEE,Stress_Rates,2033-10-31,6328361.29,10928144.03,1840396.28,1428620.73,260901.7,18835999.9,1241400002.86
CMBS_NEW_AEOYEE,Stress_Rates,2033-11-30,6273355.75,10831996.64,1824329.5,1416154.21,258625.0,18671056.9,1230568006.22
CMBS_NEW_AEOYEE,Stress_Rates,2033-12-31,6218831.81,10736702.09,1808404.15,1403797.37,256368.33,18507569.72,1219831304.13
CMBS_NEW_AEOYEE,Stress_Rates,2034-01-31,6164785.22,10642252.74,1792618.96,1391549.25,254131.52,18345525.4,1209189051.39
CMBS_NEW_AEOYEE,Stress_Rates,2034-02-28,6111211.77,10548641.05,1776972.7,1379408.86,251914.39,18184911.13,1198640410.34
CMBS_NEW_AEOYEE,Stress_Rates,2034-03-31,6058107.28,10455859.52,1761464.12,1367375.27,249716.75,18025714.16,1188184550.82
CMBS_NEW_AEOYEE,Stress_Rates,2034-04-30,6005467.63,10363900.73,1746092.0,1355447.52,247538.45,17867921.91,1177820650.09
CMBS_NEW_AEOYEE,Stress_Rates,2034-05-31,5953288.71,10272757.33,1730855.15,1343624.67,245379.3,17711521.88,1167547892.77
CMBS_NEW_AEOYEE,Stress_Rates,2034-06-30,5901566.47,10182422.02,1715752.35,1331905.8,243239.14,17556501.69,1157365470.75
CMBS_NEW_AEOYEE,Stress_Rates,2034-07-31,5850296.87,10092887.6,1700782.41,1320289.98,241117.81,17402849.07,1147272583.15
CMBS_NEW_AEOYEE,Stress_Rates,2034-08-31,5799475.93,10004146.89,1685944.17,1308776.3,239015.12,17250551.86,1137268436.26
CMBS_NEW_AEOYEE,Stress_Rates,2034-09-30,5749099.68,9916192.81,1671236.44,1297363.85,236930.92,17099598.0,1127352243.46
CMBS_NEW_AEOYEE,Stress_Rates,2034-10-31,5699164.22,9829018.32,1656658.08,1286051.73,234865.05,16949975.57,1117523225.14
CMBS_NEW_AEOYEE,Stress_Rates,2034-11-30,5649665.66,9742616.47,1642207.93,1274839.07,232817.34,16801672.72,1107780608.67
CMBS_NEW_AEOYEE,Stress_Rates,2034-12-31,5600600.14,9656980.34,1627884.87,1263724.96,230787.63,16654677.72,1098123628.33
CMBS_NEW_AEOYEE,Stress_Rates,2035-01-31,5551963.85,9572103.1,1613687.75,1252708.55,228775.76,16508978.95,1088551525.23
CMBS_NEW_AEOYEE,Stress_Rates,2035-02-28,5503753.01,9487977.97,1599615.47,1241788.97,226781.57,16364564.89,1079063547.26
CMBS_NEW_AEOYEE,Stress_Rates,2035-03-31,5455963.87,9404598.23,1585666.93,1230965.35,224804.91,16221424.12,1069658949.04
CMBS_NEW_AEOYEE,Stress_Rates,2035-04-30,5408592.72,9321957.21,1571841.01,1220236.85,222845.61,16079545.33,1060336991.82
CMBS_NEW_AEOYEE,Stress_Rates,2035-05-31,5361635.86,9240048.34,1558136.64,1209602.62,220903.54,15938917.3,1051096943.48
CMBS_NEW_AEOYEE,Stress_Rates,2035-06-30,5315089.66,9158865.06,1544552.73,1199061.83,218978.53,15799528.92,1041938078.43
CMBS_NEW_AEOYEE,Stress_Rates,2035-07-31,5268950.49,9078400.89,1531088.23,1188613.66,217070.43,15661369.17,1032859677.54
CMBS_NEW_AEOYEE,Stress_Rates,2035-08-31,5223214.77,8998649.42,1517742.07,1178257.27,215179.1,15524427.15,1023861028.12
CMBS_NEW_AEOYEE,Stress_Rates,2035-09-30,5177878.94,8919604.27,1504513.2,1167991.87,213304.38,15388692.04,1014941423.85
CMBS_NEW_AEOYEE,Stress_Rates,2035-10-31,5132939.49,8841259.16,1491400.59,1157816.63,211446.13,15254153.11,1006100164.69
CMBS_NEW_AEOYEE,Stress_Rates,2035-11-30,5088392.92,8763607.82,1478403.2,1147730.77,209604.2,15120799.73,997336556.87
CMBS_NEW_AEOYEE,Stress_Rates,2035-12-31,5044235.77,8686644.06,1465520.02,1137733.5,207778.45,14988621.39,988649912.82
CMBS_NEW_AEOYEE,Stress_Rates,2036-01-31,5000464.62,8610361.74,1452750.02,1127824.02,205968.73,14857607.65,980039551.08
CMBS_NEW_AEOYEE,Stress_Sev,2026-02-28,14162639.18,24656678.74,0.0,5730913.37,585945.03,38233372.89,2787879441.97
CMBS_NEW_AEOYEE,Stress_Sev,2026-03-31,14039064.92,24438736.27,0.0,5680672.14,580808.22,37896992.98,2763440705.7
CMBS_NEW_AEOYEE,Stress_Sev,2026-04-30,13916576.81,24222735.91,0.0,5630874.99,575716.81,37563595.91,2739217969.79
CMBS_NEW_AEOYEE,Stress_Sev,2026-05-31,13795165.25,24008660.2,0.0,5581517.97,570670.41,37233155.04,2715209309.58
CMBS_NEW_AEOYEE,Stress_Sev,2026-06-30,13674820.69,23796491.87,0.0,5532597.16,565668.61,36905643.95,2691412817.72
CMBS_NEW_AEOYEE,Stress_Sev,2026-07-31,13555533.69,23586213.78,0.0,5484108.67,560711.0,36581036.46,2667826603.94
CMBS_NEW_AEOYEE,Stress_Sev,2026-08-31,13437294.89,23377808.95,3820608.92,5436048.64,555797.21,40079915.55,2644448794.99
CMBS_NEW_AEOYEE,Stress_Sev,2026-09-30,13320095.02,23171260.56,3787114.76,5388413.27,550926.83,39727543.51,2621277534.43
CMBS_NEW_AEOYEE,Stress_Sev,2026-10-31,13203924.88,22966551.96,3753916.66,5341198.77,546099.49,39378294.01,2598310982.47
CMBS_NEW_AEOYEE,Stress_Sev,2026-11-30,13088775.35,22763666.61,3721011.98,5294401.39,541314.79,39032139.15,2575547315.86
CMBS_NEW_AEOYEE,Stress_Sev,2026-12-31,12974637.4,22562588.15,3688398.1,5248017.42,536572.36,38689051.29,2552984727.71
CMBS_NEW_AEOYEE,Stress_Sev,2027-01-31,12861502.08,22363300.36,3656072.44,5202043.17,531871.82,38349003.06,2530621427.36
CMBS_NEW_AEOYEE,Stress_Sev,2027-02-28,12749360.53,22165787.16,3624032.43,5156475.0,527212.8,38011967.32,2508455640.2
CMBS_NEW_AEOYEE,Stress_Sev,2027-03-31,12638203.94,21970032.63,3592275.52,5111309.28,522594.93,37677917.15,2486485607.57
CMBS_NEW_AEOYEE,Stress_Sev,2027-04-30,12528023.6,21776020.98,3560799.18,5066542.44,518017.83,37346825.92,2464709586.6
CMBS_NEW_AEOYEE,Stress_Sev,2027-05-31,12418810.87,21583736.57,3529600.93,5022170.93,513481.16,37018667.21,2443125850.03
CMBS_NEW_AEOYEE,Stress_Sev,2027-06-30,12310557.21,21393163.9,3498678.28,4978191.22,508984.55,36693414.83,2421732686.14
CMBS_NEW_AEOYEE,Stress_Sev,2027-07-31,12203254.11,21204287.6,3468028.78,4934599.82,504527.64,36371042.85,2400528398.53
CMBS_NEW_AEOYEE,Stress_Sev,2027-08-31,12096893.18,21017092.47,3437650.0,4891393.29,500110.08,36051525.57,2379511306.06
CMBS_NEW_AEOYEE,Stress_Sev,2027-09-30,11991466.08,20831563.42,3407539.52,4848568.19,495731.52,35734837.5,2358679742.64
CMBS_NEW_AEOYEE,Stress_Sev,2027-10-31,11886964.56,20647685.49,3377694.96,4806121.13,491391.61,35420953.39,2338032057.16
CMBS_NEW_AEOYEE,Stress_Sev,2027-11-30,11783380.42,20465443.87,3348113.95,4764048.75,487090.01,35109848.23,2317566613.28
CMBS_NEW_AEOYEE,Stress_Sev,2027-12-31,11680705.56,20284823.9,3318794.14,4722347.71,482826.38,34801497.22,2297281789.38
CMBS_NEW_AEOYEE,Stress_Sev,2028-01-31,11578931.93,20105811.02,3289733.21,4681014.7,478600.37,34495875.79,2277175978.37
CMBS_NEW_AEOYEE,Stress_Sev,2028-02-29,11478051.57,19928390.82,3260928.86,4640046.46,474411.66,34192959.58,2257247587.55
CMBS_NEW_AEOYEE,Stress_Sev,2028-03-31,11378056.58,19752549.01,3232378.79,4599439.73,470259.91,33892724.47,2237495038.54
CMBS_NEW_AEOYEE,Stress_Sev,2028-04-30,11278939.13,19578271.45,3204080.75,4559191.31,466144.8,33595146.53,2217916767.09
CMBS_NEW_AEOYEE,Stress_Sev,2028-05-31,11180691.46,19405544.09,3176032.5,4519298.0,462065.99,33300202.06,2198511223.0
CMBS_NEW_AEOYEE,Stress_Sev,2028-06-30,11083305.9,19234353.06,3148231.8,4479756.64,458023.17,33007867.59,2179276869.94
CMBS_NEW_AEOYEE,Stress_Sev,2028-07-31,10986774.81,19064684.56,3120676.47,4440564.11,454016.01,32718119.82,2160212185.38
CMBS_NEW_AEOYEE,Stress_Sev,2028-08-31,10891090.64,18896524.96,3093364.31,4401717.3,450044.21,32430935.7,2141315660.42
CMBS_NEW_AEOYEE,Stress_Sev,2028-09-30,10796245.91,18729860.72,3066293.16,4363213.14,446107.43,32146292.36,2122585799.7
CMBS_NEW_AEOYEE,Stress_Sev,2028-10-31,10702233.21,18564678.44,3039460.87,4325048.58,442205.37,31864167.15,2104021121.25
CMBS_NEW_AEOYEE,Stress_Sev,2028-11-30,10609045.17,18400964.84,3012865.33,4287220.6,438337.73,31584537.61,2085620156.42
CMBS_NEW_AEOYEE,Stress_Sev,2028-12-31,10516674.52,18238706.75,2986504.43,4249726.2,434504.2,31307381.5,2067381449.66
CMBS_NEW_AEOYEE,Stress_Sev,2029-01-31,10425114.03,18077891.13,2960376.07,4212562.43,430704.47,31032676.77,2049303558.53
CMBS_NEW_AEOYEE,Stress_Sev,2029-02-28,10334356.54,17918505.06,2934478.2,4175726.34,426938.24,30760401.56,2031385053.47
CMBS_NEW_AEOYEE,Stress_Sev,2029-03-31,10244394.96,17760535.72,2908808.76,4139215.03,423205.22,30490534.22,2013624517.75
CMBS_NEW_AEOYEE,Stress_Sev,2029-04-30,10155222.26,17603970.42,2883365.72,4103025.59,419505.11,30223053.29,1996020547.33
CMBS_NEW_AEOYEE,Stress_Sev,2029-05-31,10066831.47,17448796.58,2858147.06,4067155.18,415837.61,29957937.5,1978571750.74
CMBS_NEW_AEOYEE,Stress_Sev,2029-06-30,9979215.68,17295001.74,2833150.8,4031600.95,412202.45,29695165.77,1961276749.01
CMBS_NEW_AEOYEE,Stress_Sev,2029-07-31,9892368.05,17142573.54,2808374.95,3996360.11,408599.32,29434717.22,1944134175.47
CMBS_NEW_AEOYEE,Stress_Sev,2029-08-31,9806281.8,16991499.73,2783817.56,3961429.85,405027.95,29176571.14,1927142675.74
CMBS_NEW_AEOYEE,Stress_Sev,2029-09-30,9720950.2,16841768.2,2759476.68,3926807.43,401488.06,28920707.03,1910300907.53
CMBS_NEW_AEOYEE,Stress_Sev,2029-10-31,9636366.59,16693366.92,2735350.39,3892490.1,397979.36,28667104.54,1893607540.62
CMBS_NEW_AEOYEE,Stress_Sev,2029-11-30,9552524.36,16546283.96,2711436.79,3858475.17,394501.57,28415743.54,1877061256.65
CMBS_NEW_AEOYEE,Stress_Sev,2029-12-31,9469416.96,16400507.54,2687733.97,3824759.93,391054.43,28166604.05,1860660749.11
CMBS_NEW_AEOYEE,Stress_Sev,2030-01-31,9387037.92,16256025.95,2664240.07,3791341.73,387637.66,27919666.28,1844404723.17
CMBS_NEW_AEOYEE,Stress_Sev,2030-02-28,9305380.8,16112827.59,2640953.23,3758217.94,384250.98,27674910.64,1828291895.57
CMBS_NEW_AEOYEE,Stress_Sev,2030-03-31,9224439.22,15970900.98,2617871.62,3725385.92,380894.14,27432317.68,1812320994.59
CMBS_NEW_AEOYEE,Stress_Sev,2030-04-30,9144206.88,15830234.73,2594993.4,3692843.11,377566.87,27191868.14,1796490759.86
CMBS_NEW_AEOYEE,Stress_Sev,2030-05-31,9064677.51,15690817.56,2572316.78,3660586.92,374268.91,26953542.94,1780799942.3
CMBS_NEW_AEOYEE,Stress_Sev,2030-06-30,8985844.9,15552638.29,2549839.95,3628614.8,370999.99,26717323.16,1765247304.01
CMBS_NEW_AEOYEE,Stress_Sev,2030-07-31,8907702.91,15415685.84,2527561.16,3596924.25,367759.86,26483190.06,1749831618.16
CMBS_NEW_AEOYEE,Stress_Sev,2030-08-31,8830245.45,15279949.23,2505478.62,3565512.76,364548.25,26251125.05,1734551668.93
CMBS_NEW_AEOYEE,Stress_Sev,2030-09-30,8753466.47,15145417.58,2483590.62,3534377.85,361364.93,26021109.73,1719406251.36
CMBS_NEW_AEOYEE,Stress_Sev,2030-10-31,8677359.99,15012080.1,2461895.4,3503517.06,358209.64,25793125.86,1704394171.26
CMBS_NEW_AEOYEE,Stress_Sev,2030-11-30,8601920.07,14879926.11,2440391.28,3472927.97,355082.12,25567155.34,1689514245.15
CMBS_NEW_AEOYEE,Stress_Sev,2030-12-31,8527140.83,14748945.02,2419076.54,3442608.15,351982.13,25343180.26,1674765300.12
CMBS_NEW_AEOYEE,Stress_Sev,2031-01-31,8453016.45,14619126.35,2397949.5,3412555.23,348909.44,25121182.86,1660146173.77
CMBS_NEW_AEOYEE,Stress_Sev,2031-02-28,8379541.15,14490459.67,2377008.51,3382766.83,345863.79,24901145.54,1645655714.1
CMBS_NEW_AEOYEE,Stress_Sev,2031-03-31,8306709.19,14362934.71,2356251.9,3353240.61,342844.94,24683050.86,1631292779.39
CMBS_NEW_AEOYEE,Stress_Sev,2031-04-30,8234514.92,14236541.23,2335678.04,3323974.24,339852.66,24466881.53,1617056238.16
CMBS_NEW_AEOYEE,Stress_Sev,2031-05-31,8162952.7,14111269.13,2315285.31,3294965.41,336886.72,24252620.42,1602944969.04
CMBS_NEW_AEOYEE,Stress_Sev,2031-06-30,8092016.96,13987108.36,2295072.1,3266211.83,333946.87,24040250.56,1588957860.67
CMBS_NEW_AEOYEE,Stress_Sev,2031-07-31,8021702.18,13864049.0,2275036.82,3237711.26,331032.89,23829755.12,1575093811.67
CMBS_NEW_AEOYEE,Stress_Sev,2031-08-31,7952002.88,13742081.19,2255177.89,3209461.43,328144.54,23621117.42,1561351730.48
CMBS_NEW_AEOYEE,Stress_Sev,2031-09-30,7882913.63,13621195.18,2235493.74,3181460.12,325281.61,23414320.94,1547730535.3
CMBS_NEW_AEOYEE,Stress_Sev,2031-10-31,7814429.06,13501381.29,2215982.82,3153705.14,322443.86,23209349.31,1534229154.01
CMBS_NEW_AEOYEE,Stress_Sev,2031-11-30,7746543.83,13382629.94,2196643.6,3126194.3,319631.07,23006186.29,1520846524.07
CMBS_NEW_AEOYEE,Stress_Sev,2031-12-31,7679252.66,13264931.62,2177474.56,3098925.42,316843.03,22804815.81,1507581592.45
CMBS_NEW_AEOYEE,Stress_Sev,2032-01-31,7612550.31,13148276.93,2158474.17,3071896.37,314079.5,22605221.91,1494433315.53
CMBS_NEW_AEOYEE,Stress_Sev,2032-02-29,7546431.6,13032656.53,2139640.95,3045105.03,311340.27,22407388.81,1481400659.0
CMBS_NEW_AEOYEE,Stress_Sev,2032-03-31,7480891.38,12918061.18,2120973.42,3018549.27,308625.14,22211300.84,1468482597.82
CMBS_NEW_AEOYEE,Stress_Sev,2032-04-30,7415924.55,12804481.73,2102470.09,2992227.01,305933.87,22016942.5,1455678116.09
CMBS_NEW_AEOYEE,Stress_Sev,2032-05-31,7351526.06,12691909.09,2084129.53,2966136.19,303266.27,21824298.4,1442986207.0
CMBS_NEW_AEOYEE,Stress_Sev,2032-06-30,7287690.9,12580334.26,2065950.28,2940274.75,300622.13,21633353.31,1430405872.74
CMBS_NEW_AEOYEE,Stress_Sev,2032-07-31,7224414.1,12469748.33,2047930.92,2914640.66,298001.22,21444092.13,1417936124.4
CMBS_NEW_AEOYEE,Stress_Sev,2032-08-31,7161690.75,12360142.47,2030070.02,2889231.91,295403.36,21256499.88,1405575981.93
CMBS_NEW_AEOYEE,Stress_Sev,2032-09-30,7099515.97,12251507.92,2012366.18,2864046.49,292828.33,21070561.74,1393324474.01
CMBS_NEW_AEOYEE,Stress_Sev,2032-10-31,7037884.93,12143835.99,1994818.01,2839082.42,290275.93,20886263.0,1381180638.02
CMBS_NEW_AEOYEE,Stress_Sev,2032-11-30,6976792.84,12037118.1,1977424.13,2814337.75,287745.97,20703589.1,1369143519.92
CMBS_NEW_AEOYEE,Stress_Sev,2032-12-31,6916234.95,11931345.72,1960183.17,2789810.54,285238.23,20522525.61,1357212174.2
CMBS_NEW_AEOYEE,Stress_Sev,2033-01-31,6856206.55,11826510.41,1943093.78,2765498.85,282752.54,20343058.2,1345385663.79
CMBS_NEW_AEOYEE,Stress_Sev,2033-02-28,6796702.98,11722603.79,1926154.6,2741400.77,280288.68,20165172.7,1333663060.0
CMBS_NEW_AEOYEE,Stress_Sev,2033-03-31,6737719.63,11619617.58,1909364.32,2717514.42,277846.47,19988855.06,1322043442.43
CMBS_NEW_AEOYEE,Stress_Sev,2033-04-30,6679251.9,11517543.55,1892721.61,2693837.92,275425.72,19814091.34,1310525898.88
CMBS_NEW_AEOYEE,Stress_Sev,2033-05-31,6621295.26,11416373.56,1876225.17,2670369.4,273026.23,19640867.76,1299109525.32
CMBS_NEW_AEOYEE,Stress_Sev,2033-06-30,6563845.2,11316099.54,1859873.69,2647107.04,270647.82,19469170.62,1287793425.78
CMBS_NEW_AEOYEE,Stress_Sev,2033-07-31,6506897.28,11216713.49,1843665.9,2624048.99,268290.3,19298986.37,1276576712.29
CMBS_NEW_AEOYEE,Stress_Sev,2033-08-31,6450447.05,11118207.48,1827600.51,2601193.46,265953.48,19130301.57,1265458504.81
CMBS_NEW_AEOYEE,Stress_Sev,2033-09-30,6394490.16,11020573.66,1811676.28,2578538.64,263637.19,18963102.91,1254437931.14
CMBS_NEW_AEOYEE,Stress_Sev,2033-10-31,6339022.24,10923804.25,1795891.94,2556082.77,261341.24,18797377.2,1243514126.9
CMBS_NEW_AEOYEE,Stress_Sev,2033-11-30,6284039.01,10827891.52,1780246.27,2533824.08,259065.44,18633111.35,1232686235.38
CMBS_NEW_AEOYEE,Stress_Sev,2033-12-31,6229536.18,10732827.83,1764738.02,2511760.82,256809.63,18470292.4,1221953407.55
CMBS_NEW_AEOYEE,Stress_Sev,2034-01-31,6175509.54,10638605.6,1749365.99,2489891.27,254573.63,18308907.51,1211314801.95
CMBS_NEW_AEOYEE,Stress_Sev,2034-02-28,6121954.89,10545217.34,1734128.97,2468213.7,252357.25,18148943.95,1200769584.61
CMBS_NEW_AEOYEE,Stress_Sev,2034-03-31,6068868.08,10452655.59,1719025.76,2446726.43,250160.33,17990389.1,1190316929.02
CMBS_NEW_AEOYEE,Stress_Sev,2034-04-30,6016244.99,10360912.98,1704055.18,2425427.77,247982.69,17833230.45,1179956016.04
CMBS_NEW_AEOYEE,Stress_Sev,2034-05-31,5964081.54,10269982.21,1689216.05,2404316.04,245824.17,17677455.63,1169686033.84
CMBS_NEW_AEOYEE,Stress_Sev,2034-06-30,5912373.69,10179856.02,1674507.21,2383389.6,243684.59,17523052.34,1159506177.81
CMBS_NEW_AEOYEE,Stress_Sev,2034-07-31,5861117.43,10090527.25,1659927.51,2362646.8,241563.79,17370008.41,1149415650.56
CMBS_NEW_AEOYEE,Stress_Sev,2034-08-31,5810308.79,10001988.79,1645475.8,2342086.02,239461.59,17218311.78,1139413661.77
CMBS_NEW_AEOYEE,Stress_Sev,2034-09-30,5759943.82,9914233.58,1631150.96,2321705.65,237377.85,17067950.51,1129499428.2
CMBS_NEW_AEOYEE,Stress_Sev,2034-10-31,5710018.63,9827254.63,1616951.85,2301504.09,235312.38,16918912.73,1119672173.57
CMBS_NEW_AEOYEE,Stress_Sev,2034-11-30,5660529.35,9741045.03,1602877.36,2281479.76,233265.04,16771186.71,1109931128.53
CMBS_NEW_AEOYEE,Stress_Sev,2034-12-31,5611472.15,9655597.92,1588926.4,2261631.1,231235.65,16624760.82,1100275530.61
CMBS_NEW_AEOYEE,Stress_Sev,2035-01-31,5562843.21,9570906.5,1575097.87,2241956.54,229224.07,16479623.51,1090704624.11
CMBS_NEW_AEOYEE,Stress_Sev,2035-02-28,5514638.79,9486964.03,1561390.68,2222454.56,227230.13,16335763.36,1081217660.08
CMBS_NEW_AEOYEE,Stress_Sev,2035-03-31,5466855.14,9403763.83,1547803.76,2203123.62,225253.68,16193169.05,1071813896.26
CMBS_NEW_AEOYEE,Stress_Sev,2035-04-30,5419488.57,9321299.28,1534336.06,2183962.21,223294.56,16051829.35,1062492596.97
CMBS_NEW_AEOYEE,Stress_Sev,2035-05-31,5372535.4,9239563.84,1520986.51,2164968.83,221352.62,15911733.12,1053253033.13
CMBS_NEW_AEOYEE,Stress_Sev,2035-06-30,5325992.01,9158551.0,1507754.06,2146142.0,219427.72,15772869.36,1044094482.14
CMBS_NEW_AEOYEE,Stress_Sev,2035-07-31,5279854.79,9078254.31,1494637.69,2127480.24,217519.68,15635227.11,1035016227.82
CMBS_NEW_AEOYEE,Stress_Sev,2035-08-31,5234120.17,8998667.41,1481636.37,2108982.1,215628.38,15498795.57,1026017560.41
CMBS_NEW_AEOYEE,Stress_Sev,2035-09-30,5188784.61,8919783.96,1468749.08,2090646.13,213753.66,15363563.99,1017097776.45
CMBS_NEW_AEOYEE,Stress_Sev,2035-10-31,5143844.61,8841597.7,1455974.8,2072470.89,211895.37,15229521.74,1008256178.75
CMBS_NEW_AEOYEE,Stress_Sev,2035-11-30,5099296.69,8764102.4,1443312.55,2054454.97,210053.37,15096658.28,999492076.35
CMBS_NEW_AEOYEE,Stress_Sev,2035-12-31,5055137.4,8687291.93,1430761.33,2036596.96,208227.52,14964963.15,990804784.42
CMBS_NEW_AEOYEE,Stress_Sev,2036-01-31,5011363.32,8611160.17,1418320.16,2018895.45,206417.66,14834426.0,982193624.25
